model,dataset,rmse,rmse_se,mae,mae_se,corr,corr_se,test_nll,test_nll_se,alpha_hat,rmse_best,rmse_secondary,mae_best,mae_secondary,corr_best,corr_secondary,test_nll_best,test_nll_secondary
boosting_plain_no_group,airbnb_nyc,75.58122200433156,8.352399630705769,44.95515826703547,2.7425798511817794,0.646932374409173,0.03621245587234323,,,,True,False,False,True,True,False,False,False
boosting_plain_with_group,airbnb_nyc,78.70351275749243,8.485631997563642,46.14663138152872,3.0340901075898805,0.6072079781075322,0.03794592246799863,,,,False,True,False,True,False,True,False,False
gamma_fixed_global,airbnb_nyc,77.21606149876419,8.171492069518719,45.88491305913157,2.804038608096505,0.6254760587526274,0.02925114866702772,2731.451941601412,68.39570848981542,4.103448275862069,False,True,False,True,False,True,False,True
gamma_fixed_groupwise,airbnb_nyc,1.1791559692694441e+23,7.619483548826142e+22,5.126765083780231e+21,5.230060553678472e+21,-0.0016329501202676936,0.024418382272230265,inf,105141.57908026762,4.103448275862069,False,True,False,True,False,False,False,False
gamma_normal_gpboost,airbnb_nyc,92.48970889832277,9.285757055033397,55.061826589878656,3.40596580607845,0.3896407354713352,0.056071419656165494,2928.031897079145,75.01750895384507,2.949098537265933,False,True,False,False,False,False,False,False
gamma_normal_gpboost_boosted,airbnb_nyc,75.80173156709304,7.908610381252508,42.84030725865679,2.9349208030984046,0.6422915339218724,0.031139643574881554,2704.1147553087094,67.67722624572326,5.2192861915948985,False,True,True,False,False,True,True,False
gg_gpboost,airbnb_nyc,93.47142622339989,8.753886304370793,59.19980591766981,3.371077006279045,0.38550924852247487,0.056424368468846596,3575.884283214533,76.2376082404058,2.066313024182868,False,False,False,False,False,False,False,False
gg_gpboost_boosted,airbnb_nyc,136.68309277227607,4.652289791314747,117.85377452597345,3.781210583418803,0.6190007129592322,0.032533966079048814,3554.5352925890984,77.46927999497483,1.0000002218348691,False,False,False,False,False,True,False,False
boosting_plain_no_group,us_fundamentals_assets,45056073266.27481,9148201635.71262,6957482286.789414,531122578.37556547,0.8949127686647408,0.021981120005834895,,,,False,False,False,False,False,False,False,False
boosting_plain_with_group,us_fundamentals_assets,44789197365.911415,9075125236.565035,7025493309.183679,527379244.0961116,0.8960995405728664,0.02156982855850121,,,,False,False,False,False,False,False,False,False
gamma_fixed_global,us_fundamentals_assets,9.036784608637141e+110,5.548343263756097e+110,1.1343939382076444e+109,1.060503539394983e+109,-0.0013977422956653511,0.22074817225682908,3.1027360966901445e+81,3.1696815912682954e+81,0.5,False,True,False,True,False,False,False,True
gamma_fixed_groupwise,us_fundamentals_assets,2.8514267532400737e+33,1.5755762197535077e+33,4.175427984602377e+31,3.4010509992999886e+31,0.14015650501008212,0.14300814011678692,inf,5.6059540622764895e+66,0.5,False,True,False,True,False,False,False,False
gamma_normal_gpboost,us_fundamentals_assets,76482756919.81439,13568460947.945702,8453157490.549616,889869816.0214275,0.9908273236144249,0.0055664624461463485,195928.89248404469,10630.297890853613,0.09023607665242896,False,False,False,False,False,True,False,False
gamma_normal_gpboost_boosted,us_fundamentals_assets,5894349721.04033,864962789.0500149,845015927.9520583,67948082.50662528,0.9973157995784617,0.000831270569623694,164070.43236653527,15713.0593980445,3.8660103481131003,False,True,False,True,False,True,True,False
gg_gpboost,us_fundamentals_assets,4524872355.807891,597140069.8362423,781507107.1234355,51998903.9374301,0.9982704905629741,0.0008423020320559264,233934.7572463048,674.4636835051624,2.070529847682755,True,False,True,False,True,False,False,False
gg_gpboost_boosted,us_fundamentals_assets,7554703604.598308,1519194202.8753457,890074532.2435817,93819566.15750836,0.9951618964797204,0.0011515095743024235,207206.309909724,691.3915240730564,1.0000017279723534,False,False,False,True,False,False,False,False
boosting_plain_no_group,us_fundamentals_assets_balanced4_8,38163190273.37588,10370349055.047695,3392161532.1178846,628024223.3315725,0.9055528950469361,0.026279914485797227,,,,False,False,False,False,False,False,False,False
boosting_plain_with_group,us_fundamentals_assets_balanced4_8,38441570332.76529,10465587624.934517,3367214932.4739466,633856209.0898005,0.9041415501325301,0.026814621909687288,,,,False,False,False,False,False,False,False,False
gamma_fixed_global,us_fundamentals_assets_balanced4_8,90603343958.59557,19818831181.815212,11410173487.9538,1429120370.4102404,-1.1234716998105967e-18,2.0143683524229425e-17,123179.99649406353,4914.190604674936,0.5,False,False,False,False,False,False,False,False
gamma_fixed_groupwise,us_fundamentals_assets_balanced4_8,14452691147014.438,9311022305740.94,242779680128.3865,251111430262.02127,0.004198120208540044,0.22526831446813267,5.247048369079014e+30,4.9599675187283436e+30,0.5,False,True,False,True,False,False,False,True
gamma_normal_gpboost,us_fundamentals_assets_balanced4_8,89397282417.70258,19543664120.292957,11390934891.1169,1410487148.4020338,0.9965814790598047,0.0016378556073982247,108183.41488130121,995.2913567818186,0.10919405550381198,False,False,False,False,False,True,False,False
gamma_normal_gpboost_boosted,us_fundamentals_assets_balanced4_8,9255592278.701403,1976083637.953112,1178682610.032902,146715220.71821433,0.9948497154992277,0.0016022650414723285,85640.09137156323,2759.2119518886643,4.589646017707281,False,True,False,True,False,True,True,False
gg_gpboost,us_fundamentals_assets_balanced4_8,6520434370.803041,1317870700.8837972,1084601295.9338214,100609085.97360048,0.9976363314978103,0.0014368620710480818,155524.70178408458,459.0515498164136,2.070529847682755,True,False,True,False,True,False,False,False
gg_gpboost_boosted,us_fundamentals_assets_balanced4_8,10409352674.522812,2022031479.9070714,1240364035.1544528,159215258.1262876,0.9932796100158734,0.00227591945038146,143960.09282486193,454.6054314232426,1.0000017360043563,False,True,False,True,False,True,False,False
boosting_plain_no_group,zillow,83629.00406350502,8049.6196418903655,51247.90698993926,2245.203622838229,0.7825686620841071,0.026956747480283042,,,,False,False,False,False,False,False,False,False
boosting_plain_with_group,zillow,32754.222487043568,2595.3365482328736,26209.515850783035,637.6499839221251,0.9765992371066209,0.006253486466688273,,,,False,False,False,False,False,False,False,False
gamma_fixed_global,zillow,85692.87396951046,9254.60394575163,48220.992165382384,2475.1788665117547,0.7456453883445807,0.021273422300133085,65826.05405525138,217.24482618386645,10.0,False,False,False,False,False,False,False,False
gamma_fixed_groupwise,zillow,6891.919437417851,743.3084823844426,3419.780661456511,170.45813845782072,0.9986330840722828,0.00023486095362833644,63290.810735028455,85.98200306471018,10.0,True,False,True,False,True,False,False,False
gamma_normal_gpboost,zillow,33599.60147076794,2824.4450757655914,22578.505390503407,834.9327583952769,0.9925222371128696,0.0015077275381992921,65827.07613013864,87.89884002167287,4.428152312093444,False,False,False,False,False,False,False,False
gamma_normal_gpboost_boosted,zillow,18581.416240370716,2004.9399792301183,9739.73182735261,525.5386093813238,0.9907531661536549,0.0018761132436834948,57752.172526151495,200.15212139973977,216.1629391409811,False,False,False,False,False,False,True,False
gg_gpboost,zillow,17335.04557812121,1985.4548384526556,8951.034350018934,494.83788583093076,0.9926202325236563,0.0015056606350375733,78065.13594200503,100.14607639678019,2.070529847682755,False,False,False,False,False,False,False,False
gg_gpboost_boosted,zillow,14418.728928785673,1447.446585061152,7604.308709963199,409.9419152792477,0.9948868006984668,0.001075931598567247,80141.15597127113,99.47471696495967,1.0000008672834853,False,False,False,False,False,False,False,False
